ID;N_Facture;Reference;Date_Facture;Date_Echeance;Fournisseur;Type;Statut;Montant_HT;Montant_TVA;Total_TTC;Devise;Societe
2247;"FF260001";"";2026-01-01;2026-01-16;"T001044 - Indivision Hubin";"Facture achat";"Ventilée";14959.00;0.00;0.00;Euro;"ALTER SI"
2341;"FF260023";"";2026-01-01;2026-01-06;"T000508 - GOOGLE CLOUD FRANCE";"Facture achat";"Ventilée";162.00;32.40;0.00;Euro;"ALTER SI"
2342;"FF260024";"";2026-01-02;2026-01-07;"T000266 - SCALEWAY";"Facture achat";"Ventilée";1042.14;208.43;0.00;Euro;"ALTER SI"
2314;"FF260005";"";2026-01-05;2026-01-10;"T000967 - Dionéa Daboville AE";"Facture achat";"Ventilée";160.00;0.00;0.00;Euro;"ALTER SI"
2312;"FF260004";"";2026-01-10;2026-01-15;"T000908 - UPCOOP";"Facture achat";"Ventilée";4470.00;10.80;0.00;Euro;"ALTER SI"
2486;"FF260092";"";2026-01-10;2026-01-15;"T000067 - EDF";"Facture achat";"Ventilée";389.83;77.97;0.00;Euro;"ALTER SI"
2316;"FF260007";"";2026-01-12;2026-02-11;"T000083 - MICROSOFT";"Facture achat";"Ventilée";28.20;5.64;0.00;Euro;"ALTER SI"
2317;"FF260008";"";2026-01-12;2026-01-17;"T001093 - PREVLINK SANTE AU TRAVAIL";"Facture achat";"Ventilée";1710.00;342.00;0.00;Euro;"ALTER SI"
2325;"FF260012";"";2026-01-12;2026-01-17;"T000090 - OVH";"Facture achat";"Ventilée";142.80;28.56;0.00;Euro;"ALTER SI"
2326;"FF260013";"";2026-01-12;2026-01-17;"T000090 - OVH";"Facture achat";"Ventilée";71.40;14.28;0.00;Euro;"ALTER SI"
2327;"FF260014";"";2026-01-12;2026-01-17;"T000090 - OVH";"Facture achat";"Ventilée";142.80;28.56;0.00;Euro;"ALTER SI"
2329;"FF260016";"";2026-01-12;2026-01-17;"T000090 - OVH";"Facture achat";"Ventilée";142.80;28.56;0.00;Euro;"ALTER SI"
2330;"FF260017";"";2026-01-12;2026-01-17;"T000090 - OVH";"Facture achat";"Ventilée";91.68;18.34;0.00;Euro;"ALTER SI"
2331;"FF260018";"";2026-01-12;2026-01-17;"T000090 - OVH";"Facture achat";"Ventilée";142.80;28.56;0.00;Euro;"ALTER SI"
2332;"FF260019";"";2026-01-12;2026-01-17;"T000090 - OVH";"Facture achat";"Ventilée";142.80;28.56;0.00;Euro;"ALTER SI"
2334;"FF260021";"";2026-01-12;2026-01-17;"T000090 - OVH";"Facture achat";"Ventilée";71.40;14.28;0.00;Euro;"ALTER SI"
2399;"FF260051";"";2026-01-12;2026-01-17;"T000090 - OVH";"Facture achat";"Ventilée";142.80;28.56;0.00;Euro;"ALTER SI"
2311;"FF260003";"";2026-01-16;2026-01-21;"T000062 - La mutuelle des SCOP";"Facture achat";"Ventilée";1131.12;0.00;0.00;Euro;"ALTER SI"
2333;"FF260020";"";2026-01-16;2026-01-21;"T000090 - OVH";"Facture achat";"Ventilée";142.80;28.56;0.00;Euro;"ALTER SI"
2413;"FF260053";"";2026-01-20;2026-01-25;"T000065 - Bouygues Telecom";"Facture achat";"Ventilée";20.82;4.16;0.00;Euro;"ALTER SI"
2310;"FF260002";"";2026-01-22;2026-02-21;"T000083 - MICROSOFT";"Facture achat";"Ventilée";9.80;0.00;0.00;Euro;"ALTER SI"
2365;"AF260001";"";2026-01-26;2026-01-31;"T001119 - MVM Avocats";"Avoir fournisseur";"Ventilée";330.00;66.00;0.00;Euro;"ALTER SI"
2315;"FF260006";"";2026-01-26;2026-01-31;"T001091 - PIERRE-FRÉDÉRIC MURILLO";"Facture achat";"Ventilée";1650.00;0.00;0.00;Euro;"ALTER SI"
2480;"FF260087";"";2026-01-27;2026-02-01;"T000066 - Orange";"Facture achat";"Ventilée";55.00;11.00;0.00;Euro;"ALTER SI"
2521;"FF260112";"";2026-01-30;2026-02-04;"T001272 - SCALINITY";"Facture achat";"Ventilée";4000.00;800.00;0.00;Euro;"ALTER SI"
2324;"FF260011";"";2026-01-31;2026-02-05;"T001068 - Hightekers Consulting";"Facture achat";"Ventilée";8040.00;1608.00;0.00;Euro;"ALTER SI"