"importId";"streetName";"zip";"cityName";"country.alpha3Code"
"CL02372";"2 avenue de Boutiny";"06530";"PEYMEINADE";"FRA"
"CL01506";"";"59288";"PREUX AU BOIS";"FRA"
"CL02411";"13 Rue Blanc Dutrouilh";"33000";"BORDEAUX";"FRA"
"CL02476";"118 RTE DE NARBONNE";"31062";"TOULOUSE CEDEX 9";"FRA"
"CL02877";"87 route de lattes";"34430";"ST JEAN DE VEDAS";"FRA"
"CL03083";"10 imp des orchidées";"34570";"PIGNAN";"FRA"
"CE00321";"67 route de Versailles";"78114";"MAGNY LES HAMEAUX";"FRA"
"CE00189";"";"";"";"FRA"
"CL03039";"112 rue Eugène Pottier";"35000";"RENNES";"FRA"
