"importId";"partnerTypeSelect";"isContact";"isCustomer";"isSupplier";"isEmployee";"name";"address";"email";"fixedPhone"
"CL02372";1;"false";"true";"false";"false";"DUBROMEZ Julien";"CL02372";"dubromez.julien@gmail.com";"0633031599"
"CL01506";1;"false";"true";"false";"false";"ATTIEH Antoine";"CL01506";"dentiste@docteurattieh.com";"0237462255"
"CL02411";1;"false";"true";"false";"false";"Pascali Chiara";"CL02411";"";""
"CL02476";2;"false";"true";"false";"false";"UNIVERS.PAUL SABATIER";"CL02476";"magali.garnier@univ-tlse3.fr";"0562889086"
"CL02877";1;"false";"true";"false";"false";"BRIQUEL Paul Emile";"CL02877";"paulemilebriquel@gmail.com";"0680954310"
"CL03083";1;"false";"true";"false";"false";"FERRACCI Béatrice";"CL03083";"beatrice.ferracci@hotmail.fr";"0638781854"
"CE00321";1;"false";"true";"false";"false";"SIGNORET Anne";"CE00321";"signoretanne@gmail.com";"0130526230"
"CE00189";1;"false";"true";"false";"false";"GERDIL Loraine";"CE00189";"lorainegerdil@gmail.com";""
"CL03039";1;"false";"true";"false";"false";"THOMAS Matthieu";"CL03039";"matthieu.thomas14@gmail.com";"0649137546"
