"importId";"name";"fixedPhone";"email";"streetName";"zip";"cityName";"countryCode"
"CL02372";"DUBROMEZ Julien";"0633031599";"dubromez.julien@gmail.com";"2 avenue de Boutiny";"06530";"PEYMEINADE";"FRA"
"CL01506";"ATTIEH Antoine";"0237462255";"dentiste@docteurattieh.com";"";"59288";"PREUX AU BOIS";"FRA"
"CL02411";"Pascali Chiara";"";"";"13 Rue Blanc Dutrouilh";"33000";"BORDEAUX";"FRA"
"CL02476";"UNIVERS.PAUL SABATIER";"0562889086";"magali.garnier@univ-tlse3.fr";"118 RTE DE NARBONNE";"31062";"TOULOUSE CEDEX 9";"FRA"
"CL02877";"BRIQUEL Paul Emile";"0680954310";"paulemilebriquel@gmail.com";"87 route de lattes";"34430";"ST JEAN DE VEDAS";"FRA"
"CL03083";"FERRACCI Béatrice";"0638781854";"beatrice.ferracci@hotmail.fr";"10 imp des orchidées";"34570";"PIGNAN";"FRA"
"CE00321";"SIGNORET Anne";"0130526230";"signoretanne@gmail.com";"67 route de Versailles";"78114";"MAGNY LES HAMEAUX";"FRA"
"CE00189";"GERDIL Loraine";"";"lorainegerdil@gmail.com";"";"";"";"FRA"
"CL03039";"THOMAS Matthieu";"0649137546";"matthieu.thomas14@gmail.com";"112 rue Eugène Pottier";"35000";"RENNES";"FRA"
